{"nm":"Pre-comp 1","ddd":1,"h":1000,"w":1000,"meta":{"g":"@lottiefiles/toolkit-js 0.25.8"},"layers":[{"ty":3,"nm":"Null 1","sr":1,"st":0,"op":300,"ip":0,"hd":false,"ddd":1,"bm":0,"hasMask":false,"ao":0,"ks":{"a":{"a":0,"k":[0,0,0],"ix":1},"s":{"a":0,"k":[100,100,100],"ix":6},"sk":{"a":0,"k":0},"p":{"a":0,"k":[500,500,0],"ix":2},"sa":{"a":0,"k":0},"o":{"a":0,"k":0,"ix":11},"rx":{"a":1,"k":[{"o":{"x":0.167,"y":0.167},"i":{"x":0,"y":1},"s":[116],"t":0},{"o":{"x":0.333,"y":0},"i":{"x":0.832,"y":-0.065},"s":[0],"t":149},{"s":[-100],"t":468}],"ix":8},"ry":{"a":1,"k":[{"o":{"x":1,"y":0},"i":{"x":0.833,"y":0.833},"s":[-0.038],"t":149},{"s":[71.962],"t":366}],"ix":9},"rz":{"a":1,"k":[{"o":{"x":0.167,"y":0.167},"i":{"x":0.623,"y":0.81},"s":[0],"t":-115},{"o":{"x":0.499,"y":0.218},"i":{"x":0.831,"y":0.596},"s":[-80],"t":149},{"s":[-132.81],"t":300}],"ix":10},"or":{"a":0,"k":[0,0,0],"ix":7}},"ef":[],"ind":1},{"ty":4,"nm":"Shape Layer 22","sr":1,"st":0,"op":300,"ip":0,"hd":false,"ddd":1,"bm":0,"hasMask":false,"td":1,"ao":0,"ks":{"a":{"a":0,"k":[0,0,0],"ix":1},"s":{"a":0,"k":[101.266,101.266,101.266],"ix":6},"sk":{"a":0,"k":0},"p":{"a":0,"k":[0,0,0],"ix":2},"sa":{"a":0,"k":0},"o":{"a":0,"k":50,"ix":11},"rx":{"a":0,"k":0,"ix":8},"ry":{"a":0,"k":0,"ix":9},"rz":{"a":0,"k":15,"ix":10},"or":{"a":0,"k":[0,0,0],"ix":7}},"ef":[],"shapes":[{"ty":"gr","bm":0,"hd":false,"mn":"ADBE Vector Group","nm":"Group 1","ix":1,"cix":2,"np":2,"it":[{"ty":"gr","bm":0,"hd":false,"mn":"ADBE Vector Group","nm":"one","ix":1,"cix":2,"np":1,"it":[{"ty":"sh","bm":0,"hd":false,"mn":"ADBE Vector Shape - Group","nm":"Path 1","ix":1,"d":1,"ks":{"a":0,"k":{"c":true,"i":[[-276.142,0],[0,-276.142],[276.142,0],[0,276.142]],"o":[[276.142,0],[0,276.142],[-276.142,0],[0,-276.142]],"v":[[0,-500],[500,0],[0,500],[-500,0]]},"ix":2}},{"ty":"tr","a":{"a":0,"k":[0,0],"ix":1},"s":{"a":0,"k":[100,100],"ix":3},"sk":{"a":0,"k":0,"ix":4},"p":{"a":0,"k":[0,0],"ix":2},"r":{"a":0,"k":0,"ix":6},"sa":{"a":0,"k":0,"ix":5},"o":{"a":0,"k":100,"ix":7}}]},{"ty":"gf","bm":0,"hd":false,"mn":"ADBE Vector Graphic - G-Fill","nm":"Gradient Fill 1","e":{"a":0,"k":[549.589,-14.873],"ix":6},"g":{"p":2,"k":{"a":0,"k":[0,0.9411764705882353,0.5058823529411764,0.4627450980392157,1,0.25882352941176473,0.6235294117647059,0.8313725490196079],"ix":9}},"t":1,"a":{"a":0,"k":0},"h":{"a":0,"k":0},"s":{"a":0,"k":[-512.975,2.5],"ix":5},"r":1,"o":{"a":0,"k":100,"ix":10}},{"ty":"tr","a":{"a":0,"k":[0,0],"ix":1},"s":{"a":0,"k":[100,100],"ix":3},"sk":{"a":0,"k":0,"ix":4},"p":{"a":0,"k":[0,0],"ix":2},"r":{"a":0,"k":0,"ix":6},"sa":{"a":0,"k":0,"ix":5},"o":{"a":0,"k":100,"ix":7}}]}],"ind":2,"parent":3},{"ty":4,"nm":"Shape Layer 21","sr":1,"st":0,"op":300,"ip":0,"hd":false,"ddd":1,"bm":3,"tt":3,"hasMask":false,"ao":0,"ks":{"a":{"a":0,"k":[0,0,0],"ix":1},"s":{"a":1,"k":[{"o":{"x":0.333,"y":0},"i":{"x":0,"y":1},"s":[15.641,15.641,15.641],"t":40},{"o":{"x":1,"y":0},"i":{"x":0.833,"y":0.833},"s":[79,79,79],"t":143},{"s":[0,0,0],"t":322}],"ix":6},"sk":{"a":0,"k":0},"p":{"a":0,"k":[0,0,0],"ix":2},"sa":{"a":0,"k":0},"o":{"a":1,"k":[{"o":{"x":0.333,"y":0},"i":{"x":0.667,"y":1},"s":[0],"t":55},{"o":{"x":0.167,"y":0},"i":{"x":0.833,"y":1},"s":[50],"t":77},{"o":{"x":0.167,"y":0},"i":{"x":0.833,"y":1},"s":[50],"t":261},{"s":[0],"t":295}],"ix":11},"rx":{"a":0,"k":0,"ix":8},"ry":{"a":0,"k":-3,"ix":9},"rz":{"a":0,"k":379.5,"ix":10},"or":{"a":1,"k":[{"o":{"x":0.167,"y":0.001},"i":{"x":0,"y":1},"s":[320,0,202],"t":33},{"s":[0,0,202],"t":135}],"ix":7}},"ef":[{"ty":0,"mn":"ADBE Tint","nm":"Tint","ix":1,"en":1,"ef":[{"ty":2,"mn":"ADBE Tint-0001","nm":"Map Black To","ix":1,"v":{"a":0,"k":[1,0.3294,0.2196],"ix":1}},{"ty":2,"mn":"ADBE Tint-0002","nm":"Map White To","ix":2,"v":{"a":0,"k":[0.2549,0.4902,0.6078],"ix":2}},{"ty":0,"mn":"ADBE Tint-0003","nm":"Amount to Tint","ix":3,"v":{"a":0,"k":100,"ix":3}},{"ty":6,"mn":"ADBE Tint-0004","nm":"","ix":4,"v":0}]}],"shapes":[{"ty":"gr","bm":0,"hd":false,"mn":"ADBE Vector Group","nm":"Group 1","ix":1,"cix":2,"np":1,"it":[{"ty":"gr","bm":0,"hd":false,"mn":"ADBE Vector Group","nm":"one","ix":1,"cix":2,"np":1,"it":[{"ty":"sh","bm":0,"hd":false,"mn":"ADBE Vector Shape - Group","nm":"Path 1","ix":1,"d":1,"ks":{"a":0,"k":{"c":true,"i":[[-276.142,0],[0,-276.142],[276.142,0],[0,276.142]],"o":[[276.142,0],[0,276.142],[-276.142,0],[0,-276.142]],"v":[[0,-500],[500,0],[0,500],[-500,0]]},"ix":2}},{"ty":"tr","a":{"a":0,"k":[0,0],"ix":1},"s":{"a":0,"k":[100,100],"ix":3},"sk":{"a":0,"k":0,"ix":4},"p":{"a":0,"k":[0,0],"ix":2},"r":{"a":0,"k":0,"ix":6},"sa":{"a":0,"k":0,"ix":5},"o":{"a":0,"k":100,"ix":7}}]},{"ty":"tr","a":{"a":0,"k":[0,0],"ix":1},"s":{"a":0,"k":[100,100],"ix":3},"sk":{"a":0,"k":0,"ix":4},"p":{"a":0,"k":[0,0],"ix":2},"r":{"a":0,"k":0,"ix":6},"sa":{"a":0,"k":0,"ix":5},"o":{"a":0,"k":100,"ix":7}}]},{"ty":"gf","bm":0,"hd":false,"mn":"ADBE Vector Graphic - G-Fill","nm":"Gradient Fill 1","e":{"a":0,"k":[365,0],"ix":6},"g":{"p":2,"k":{"a":0,"k":[0,0.9411764705882353,0.5058823529411764,0.4627450980392157,1,0.25882352941176473,0.6235294117647059,0.8313725490196079],"ix":9}},"t":1,"a":{"a":0,"k":0},"h":{"a":0,"k":0},"s":{"a":0,"k":[-394,0],"ix":5},"r":1,"o":{"a":0,"k":100,"ix":10}}],"ind":3,"parent":1},{"ty":4,"nm":"Shape Layer 20","sr":1,"st":0,"op":300,"ip":0,"hd":false,"ddd":1,"bm":0,"hasMask":false,"td":1,"ao":0,"ks":{"a":{"a":0,"k":[0,0,0],"ix":1},"s":{"a":0,"k":[101.266,101.266,101.266],"ix":6},"sk":{"a":0,"k":0},"p":{"a":0,"k":[0,0,0],"ix":2},"sa":{"a":0,"k":0},"o":{"a":0,"k":50,"ix":11},"rx":{"a":0,"k":0,"ix":8},"ry":{"a":0,"k":0,"ix":9},"rz":{"a":0,"k":15,"ix":10},"or":{"a":0,"k":[0,0,0],"ix":7}},"ef":[],"shapes":[{"ty":"gr","bm":0,"hd":false,"mn":"ADBE Vector Group","nm":"Group 1","ix":1,"cix":2,"np":2,"it":[{"ty":"gr","bm":0,"hd":false,"mn":"ADBE Vector Group","nm":"one","ix":1,"cix":2,"np":1,"it":[{"ty":"sh","bm":0,"hd":false,"mn":"ADBE Vector Shape - Group","nm":"Path 1","ix":1,"d":1,"ks":{"a":0,"k":{"c":true,"i":[[-276.142,0],[0,-276.142],[276.142,0],[0,276.142]],"o":[[276.142,0],[0,276.142],[-276.142,0],[0,-276.142]],"v":[[0,-500],[500,0],[0,500],[-500,0]]},"ix":2}},{"ty":"tr","a":{"a":0,"k":[0,0],"ix":1},"s":{"a":0,"k":[100,100],"ix":3},"sk":{"a":0,"k":0,"ix":4},"p":{"a":0,"k":[0,0],"ix":2},"r":{"a":0,"k":0,"ix":6},"sa":{"a":0,"k":0,"ix":5},"o":{"a":0,"k":100,"ix":7}}]},{"ty":"gf","bm":0,"hd":false,"mn":"ADBE Vector Graphic - G-Fill","nm":"Gradient Fill 1","e":{"a":0,"k":[549.589,-14.873],"ix":6},"g":{"p":2,"k":{"a":0,"k":[0,0.9411764705882353,0.5058823529411764,0.4627450980392157,1,0.25882352941176473,0.6235294117647059,0.8313725490196079],"ix":9}},"t":1,"a":{"a":0,"k":0},"h":{"a":0,"k":0},"s":{"a":0,"k":[-512.975,2.5],"ix":5},"r":1,"o":{"a":0,"k":100,"ix":10}},{"ty":"tr","a":{"a":0,"k":[0,0],"ix":1},"s":{"a":0,"k":[100,100],"ix":3},"sk":{"a":0,"k":0,"ix":4},"p":{"a":0,"k":[0,0],"ix":2},"r":{"a":0,"k":0,"ix":6},"sa":{"a":0,"k":0,"ix":5},"o":{"a":0,"k":100,"ix":7}}]}],"ind":4,"parent":5},{"ty":4,"nm":"Shape Layer 19","sr":1,"st":0,"op":300,"ip":0,"hd":false,"ddd":1,"bm":3,"tt":3,"hasMask":false,"ao":0,"ks":{"a":{"a":0,"k":[0,0,0],"ix":1},"s":{"a":1,"k":[{"o":{"x":0.333,"y":0},"i":{"x":0,"y":1},"s":[15.641,15.641,15.641],"t":31},{"o":{"x":1,"y":0},"i":{"x":0.833,"y":0.833},"s":[79,79,79],"t":143},{"s":[0,0,0],"t":316.6416015625}],"ix":6},"sk":{"a":0,"k":0},"p":{"a":0,"k":[0,0,0],"ix":2},"sa":{"a":0,"k":0},"o":{"a":1,"k":[{"o":{"x":0.333,"y":0},"i":{"x":0.667,"y":1},"s":[0],"t":46},{"o":{"x":0.167,"y":0},"i":{"x":0.833,"y":1},"s":[50],"t":68},{"o":{"x":0.167,"y":0},"i":{"x":0.833,"y":1},"s":[50],"t":254},{"s":[0],"t":288}],"ix":11},"rx":{"a":0,"k":0,"ix":8},"ry":{"a":0,"k":-24,"ix":9},"rz":{"a":0,"k":305,"ix":10},"or":{"a":1,"k":[{"o":{"x":0.167,"y":0.001},"i":{"x":0,"y":1},"s":[320,0,202],"t":26},{"s":[0,0,202],"t":131}],"ix":7}},"ef":[{"ty":0,"mn":"ADBE Tint","nm":"Tint","ix":1,"en":1,"ef":[{"ty":2,"mn":"ADBE Tint-0001","nm":"Map Black To","ix":1,"v":{"a":0,"k":[1,0.3294,0.2196],"ix":1}},{"ty":2,"mn":"ADBE Tint-0002","nm":"Map White To","ix":2,"v":{"a":0,"k":[0.2549,0.4902,0.6078],"ix":2}},{"ty":0,"mn":"ADBE Tint-0003","nm":"Amount to Tint","ix":3,"v":{"a":0,"k":100,"ix":3}},{"ty":6,"mn":"ADBE Tint-0004","nm":"","ix":4,"v":0}]}],"shapes":[{"ty":"gr","bm":0,"hd":false,"mn":"ADBE Vector Group","nm":"Group 1","ix":1,"cix":2,"np":1,"it":[{"ty":"gr","bm":0,"hd":false,"mn":"ADBE Vector Group","nm":"one","ix":1,"cix":2,"np":1,"it":[{"ty":"sh","bm":0,"hd":false,"mn":"ADBE Vector Shape - Group","nm":"Path 1","ix":1,"d":1,"ks":{"a":0,"k":{"c":true,"i":[[-276.142,0],[0,-276.142],[276.142,0],[0,276.142]],"o":[[276.142,0],[0,276.142],[-276.142,0],[0,-276.142]],"v":[[0,-500],[500,0],[0,500],[-500,0]]},"ix":2}},{"ty":"tr","a":{"a":0,"k":[0,0],"ix":1},"s":{"a":0,"k":[100,100],"ix":3},"sk":{"a":0,"k":0,"ix":4},"p":{"a":0,"k":[0,0],"ix":2},"r":{"a":0,"k":0,"ix":6},"sa":{"a":0,"k":0,"ix":5},"o":{"a":0,"k":100,"ix":7}}]},{"ty":"tr","a":{"a":0,"k":[0,0],"ix":1},"s":{"a":0,"k":[100,100],"ix":3},"sk":{"a":0,"k":0,"ix":4},"p":{"a":0,"k":[0,0],"ix":2},"r":{"a":0,"k":0,"ix":6},"sa":{"a":0,"k":0,"ix":5},"o":{"a":0,"k":100,"ix":7}}]},{"ty":"gf","bm":0,"hd":false,"mn":"ADBE Vector Graphic - G-Fill","nm":"Gradient Fill 1","e":{"a":0,"k":[365,0],"ix":6},"g":{"p":2,"k":{"a":0,"k":[0,0.9411764705882353,0.5058823529411764,0.4627450980392157,1,0.25882352941176473,0.6235294117647059,0.8313725490196079],"ix":9}},"t":1,"a":{"a":0,"k":0},"h":{"a":0,"k":0},"s":{"a":0,"k":[-394,0],"ix":5},"r":1,"o":{"a":0,"k":100,"ix":10}}],"ind":5,"parent":1},{"ty":4,"nm":"Shape Layer 18","sr":1,"st":0,"op":300,"ip":0,"hd":false,"ddd":1,"bm":0,"hasMask":false,"td":1,"ao":0,"ks":{"a":{"a":0,"k":[0,0,0],"ix":1},"s":{"a":0,"k":[101.266,101.266,101.266],"ix":6},"sk":{"a":0,"k":0},"p":{"a":0,"k":[0,0,0],"ix":2},"sa":{"a":0,"k":0},"o":{"a":0,"k":50,"ix":11},"rx":{"a":0,"k":0,"ix":8},"ry":{"a":0,"k":0,"ix":9},"rz":{"a":0,"k":0,"ix":10},"or":{"a":0,"k":[0,0,0],"ix":7}},"ef":[],"shapes":[{"ty":"gr","bm":0,"hd":false,"mn":"ADBE Vector Group","nm":"Group 1","ix":1,"cix":2,"np":2,"it":[{"ty":"gr","bm":0,"hd":false,"mn":"ADBE Vector Group","nm":"one","ix":1,"cix":2,"np":1,"it":[{"ty":"sh","bm":0,"hd":false,"mn":"ADBE Vector Shape - Group","nm":"Path 1","ix":1,"d":1,"ks":{"a":0,"k":{"c":true,"i":[[-276.142,0],[0,-276.142],[276.142,0],[0,276.142]],"o":[[276.142,0],[0,276.142],[-276.142,0],[0,-276.142]],"v":[[0,-500],[500,0],[0,500],[-500,0]]},"ix":2}},{"ty":"tr","a":{"a":0,"k":[0,0],"ix":1},"s":{"a":0,"k":[100,100],"ix":3},"sk":{"a":0,"k":0,"ix":4},"p":{"a":0,"k":[0,0],"ix":2},"r":{"a":0,"k":0,"ix":6},"sa":{"a":0,"k":0,"ix":5},"o":{"a":0,"k":100,"ix":7}}]},{"ty":"gf","bm":0,"hd":false,"mn":"ADBE Vector Graphic - G-Fill","nm":"Gradient Fill 1","e":{"a":0,"k":[549.589,-14.873],"ix":6},"g":{"p":2,"k":{"a":0,"k":[0,0.9411764705882353,0.5058823529411764,0.4627450980392157,1,0.25882352941176473,0.6235294117647059,0.8313725490196079],"ix":9}},"t":1,"a":{"a":0,"k":0},"h":{"a":0,"k":0},"s":{"a":0,"k":[-512.975,2.5],"ix":5},"r":1,"o":{"a":0,"k":100,"ix":10}},{"ty":"tr","a":{"a":0,"k":[0,0],"ix":1},"s":{"a":0,"k":[100,100],"ix":3},"sk":{"a":0,"k":0,"ix":4},"p":{"a":0,"k":[0,0],"ix":2},"r":{"a":0,"k":0,"ix":6},"sa":{"a":0,"k":0,"ix":5},"o":{"a":0,"k":100,"ix":7}}]}],"ind":6,"parent":7},{"ty":4,"nm":"Shape Layer 17","sr":1,"st":0,"op":300,"ip":0,"hd":false,"ddd":1,"bm":3,"tt":3,"hasMask":false,"ao":0,"ks":{"a":{"a":0,"k":[0,0,0],"ix":1},"s":{"a":1,"k":[{"o":{"x":0.333,"y":0},"i":{"x":0,"y":1},"s":[15.641,15.641,15.641],"t":23},{"o":{"x":1,"y":0},"i":{"x":0.833,"y":0.833},"s":[79,79,79],"t":143},{"s":[0,0,0],"t":307.6865234375}],"ix":6},"sk":{"a":0,"k":0},"p":{"a":0,"k":[0,0,0],"ix":2},"sa":{"a":0,"k":0},"o":{"a":1,"k":[{"o":{"x":0.333,"y":0},"i":{"x":0.667,"y":1},"s":[0],"t":40},{"o":{"x":0.167,"y":0},"i":{"x":0.833,"y":1},"s":[50],"t":62},{"o":{"x":0.167,"y":0},"i":{"x":0.833,"y":1},"s":[50],"t":248},{"s":[0],"t":282}],"ix":11},"rx":{"a":0,"k":0,"ix":8},"ry":{"a":0,"k":-38,"ix":9},"rz":{"a":0,"k":290,"ix":10},"or":{"a":1,"k":[{"o":{"x":0.167,"y":0.001},"i":{"x":0,"y":1},"s":[320,0,223],"t":21},{"s":[0,0,223],"t":125}],"ix":7}},"ef":[{"ty":0,"mn":"ADBE Tint","nm":"Tint","ix":1,"en":1,"ef":[{"ty":2,"mn":"ADBE Tint-0001","nm":"Map Black To","ix":1,"v":{"a":0,"k":[1,0.3294,0.2196],"ix":1}},{"ty":2,"mn":"ADBE Tint-0002","nm":"Map White To","ix":2,"v":{"a":0,"k":[0.2549,0.4902,0.6078],"ix":2}},{"ty":0,"mn":"ADBE Tint-0003","nm":"Amount to Tint","ix":3,"v":{"a":0,"k":100,"ix":3}},{"ty":6,"mn":"ADBE Tint-0004","nm":"","ix":4,"v":0}]}],"shapes":[{"ty":"gr","bm":0,"hd":false,"mn":"ADBE Vector Group","nm":"Group 1","ix":1,"cix":2,"np":1,"it":[{"ty":"gr","bm":0,"hd":false,"mn":"ADBE Vector Group","nm":"one","ix":1,"cix":2,"np":1,"it":[{"ty":"sh","bm":0,"hd":false,"mn":"ADBE Vector Shape - Group","nm":"Path 1","ix":1,"d":1,"ks":{"a":0,"k":{"c":true,"i":[[-276.142,0],[0,-276.142],[276.142,0],[0,276.142]],"o":[[276.142,0],[0,276.142],[-276.142,0],[0,-276.142]],"v":[[0,-500],[500,0],[0,500],[-500,0]]},"ix":2}},{"ty":"tr","a":{"a":0,"k":[0,0],"ix":1},"s":{"a":0,"k":[100,100],"ix":3},"sk":{"a":0,"k":0,"ix":4},"p":{"a":0,"k":[0,0],"ix":2},"r":{"a":0,"k":0,"ix":6},"sa":{"a":0,"k":0,"ix":5},"o":{"a":0,"k":100,"ix":7}}]},{"ty":"tr","a":{"a":0,"k":[0,0],"ix":1},"s":{"a":0,"k":[100,100],"ix":3},"sk":{"a":0,"k":0,"ix":4},"p":{"a":0,"k":[0,0],"ix":2},"r":{"a":0,"k":0,"ix":6},"sa":{"a":0,"k":0,"ix":5},"o":{"a":0,"k":100,"ix":7}}]},{"ty":"gf","bm":0,"hd":false,"mn":"ADBE Vector Graphic - G-Fill","nm":"Gradient Fill 1","e":{"a":0,"k":[365,0],"ix":6},"g":{"p":2,"k":{"a":0,"k":[0,0.9411764705882353,0.5058823529411764,0.4627450980392157,1,0.25882352941176473,0.6235294117647059,0.8313725490196079],"ix":9}},"t":1,"a":{"a":0,"k":0},"h":{"a":0,"k":0},"s":{"a":0,"k":[-394,0],"ix":5},"r":1,"o":{"a":0,"k":100,"ix":10}}],"ind":7,"parent":1},{"ty":4,"nm":"Shape Layer 16","sr":1,"st":0,"op":300,"ip":0,"hd":false,"ddd":1,"bm":0,"hasMask":false,"td":1,"ao":0,"ks":{"a":{"a":0,"k":[0,0,0],"ix":1},"s":{"a":0,"k":[101.266,101.266,101.266],"ix":6},"sk":{"a":0,"k":0},"p":{"a":0,"k":[0,0,0],"ix":2},"sa":{"a":0,"k":0},"o":{"a":0,"k":50,"ix":11},"rx":{"a":0,"k":0,"ix":8},"ry":{"a":0,"k":0,"ix":9},"rz":{"a":0,"k":0,"ix":10},"or":{"a":0,"k":[0,0,0],"ix":7}},"ef":[],"shapes":[{"ty":"gr","bm":0,"hd":false,"mn":"ADBE Vector Group","nm":"Group 1","ix":1,"cix":2,"np":2,"it":[{"ty":"gr","bm":0,"hd":false,"mn":"ADBE Vector Group","nm":"one","ix":1,"cix":2,"np":1,"it":[{"ty":"sh","bm":0,"hd":false,"mn":"ADBE Vector Shape - Group","nm":"Path 1","ix":1,"d":1,"ks":{"a":0,"k":{"c":true,"i":[[-276.142,0],[0,-276.142],[276.142,0],[0,276.142]],"o":[[276.142,0],[0,276.142],[-276.142,0],[0,-276.142]],"v":[[0,-500],[500,0],[0,500],[-500,0]]},"ix":2}},{"ty":"tr","a":{"a":0,"k":[0,0],"ix":1},"s":{"a":0,"k":[100,100],"ix":3},"sk":{"a":0,"k":0,"ix":4},"p":{"a":0,"k":[0,0],"ix":2},"r":{"a":0,"k":0,"ix":6},"sa":{"a":0,"k":0,"ix":5},"o":{"a":0,"k":100,"ix":7}}]},{"ty":"gf","bm":0,"hd":false,"mn":"ADBE Vector Graphic - G-Fill","nm":"Gradient Fill 1","e":{"a":0,"k":[549.589,-14.873],"ix":6},"g":{"p":2,"k":{"a":0,"k":[0,0.9411764705882353,0.5058823529411764,0.4627450980392157,1,0.25882352941176473,0.6235294117647059,0.8313725490196079],"ix":9}},"t":1,"a":{"a":0,"k":0},"h":{"a":0,"k":0},"s":{"a":0,"k":[-512.975,2.5],"ix":5},"r":1,"o":{"a":0,"k":100,"ix":10}},{"ty":"tr","a":{"a":0,"k":[0,0],"ix":1},"s":{"a":0,"k":[100,100],"ix":3},"sk":{"a":0,"k":0,"ix":4},"p":{"a":0,"k":[0,0],"ix":2},"r":{"a":0,"k":0,"ix":6},"sa":{"a":0,"k":0,"ix":5},"o":{"a":0,"k":100,"ix":7}}]}],"ind":8,"parent":9},{"ty":4,"nm":"Shape Layer 15","sr":1,"st":0,"op":300,"ip":0,"hd":false,"ddd":1,"bm":3,"tt":3,"hasMask":false,"ao":0,"ks":{"a":{"a":0,"k":[0,0,0],"ix":1},"s":{"a":1,"k":[{"o":{"x":0.333,"y":0},"i":{"x":0,"y":1},"s":[15.641,15.641,15.641],"t":15},{"o":{"x":1,"y":0},"i":{"x":0.833,"y":0.833},"s":[79,79,79],"t":143},{"s":[0,0,0],"t":298.7294921875}],"ix":6},"sk":{"a":0,"k":0},"p":{"a":0,"k":[0,0,0],"ix":2},"sa":{"a":0,"k":0},"o":{"a":1,"k":[{"o":{"x":0.333,"y":0},"i":{"x":0.667,"y":1},"s":[0],"t":34},{"o":{"x":0.167,"y":0},"i":{"x":0.833,"y":1},"s":[50],"t":56},{"o":{"x":0.167,"y":0},"i":{"x":0.833,"y":1},"s":[50],"t":243},{"s":[0],"t":277}],"ix":11},"rx":{"a":0,"k":0,"ix":8},"ry":{"a":0,"k":-50,"ix":9},"rz":{"a":0,"k":216,"ix":10},"or":{"a":1,"k":[{"o":{"x":0.167,"y":0.001},"i":{"x":0,"y":1},"s":[320,0,248],"t":15},{"s":[0,0,248],"t":118}],"ix":7}},"ef":[{"ty":0,"mn":"ADBE Tint","nm":"Tint","ix":1,"en":1,"ef":[{"ty":2,"mn":"ADBE Tint-0001","nm":"Map Black To","ix":1,"v":{"a":0,"k":[1,0.3294,0.2196],"ix":1}},{"ty":2,"mn":"ADBE Tint-0002","nm":"Map White To","ix":2,"v":{"a":0,"k":[0.2549,0.4902,0.6078],"ix":2}},{"ty":0,"mn":"ADBE Tint-0003","nm":"Amount to Tint","ix":3,"v":{"a":0,"k":100,"ix":3}},{"ty":6,"mn":"ADBE Tint-0004","nm":"","ix":4,"v":0}]}],"shapes":[{"ty":"gr","bm":0,"hd":false,"mn":"ADBE Vector Group","nm":"Group 1","ix":1,"cix":2,"np":1,"it":[{"ty":"gr","bm":0,"hd":false,"mn":"ADBE Vector Group","nm":"one","ix":1,"cix":2,"np":1,"it":[{"ty":"sh","bm":0,"hd":false,"mn":"ADBE Vector Shape - Group","nm":"Path 1","ix":1,"d":1,"ks":{"a":0,"k":{"c":true,"i":[[-276.142,0],[0,-276.142],[276.142,0],[0,276.142]],"o":[[276.142,0],[0,276.142],[-276.142,0],[0,-276.142]],"v":[[0,-500],[500,0],[0,500],[-500,0]]},"ix":2}},{"ty":"tr","a":{"a":0,"k":[0,0],"ix":1},"s":{"a":0,"k":[100,100],"ix":3},"sk":{"a":0,"k":0,"ix":4},"p":{"a":0,"k":[0,0],"ix":2},"r":{"a":0,"k":0,"ix":6},"sa":{"a":0,"k":0,"ix":5},"o":{"a":0,"k":100,"ix":7}}]},{"ty":"tr","a":{"a":0,"k":[0,0],"ix":1},"s":{"a":0,"k":[100,100],"ix":3},"sk":{"a":0,"k":0,"ix":4},"p":{"a":0,"k":[0,0],"ix":2},"r":{"a":0,"k":0,"ix":6},"sa":{"a":0,"k":0,"ix":5},"o":{"a":0,"k":100,"ix":7}}]},{"ty":"gf","bm":0,"hd":false,"mn":"ADBE Vector Graphic - G-Fill","nm":"Gradient Fill 1","e":{"a":0,"k":[365,0],"ix":6},"g":{"p":2,"k":{"a":0,"k":[0,0.9411764705882353,0.5058823529411764,0.4627450980392157,1,0.25882352941176473,0.6235294117647059,0.8313725490196079],"ix":9}},"t":1,"a":{"a":0,"k":0},"h":{"a":0,"k":0},"s":{"a":0,"k":[-394,0],"ix":5},"r":1,"o":{"a":0,"k":100,"ix":10}}],"ind":9,"parent":1},{"ty":4,"nm":"Shape Layer 14","sr":1,"st":0,"op":300,"ip":0,"hd":false,"ddd":1,"bm":0,"hasMask":false,"td":1,"ao":0,"ks":{"a":{"a":0,"k":[0,0,0],"ix":1},"s":{"a":0,"k":[101.266,101.266,101.266],"ix":6},"sk":{"a":0,"k":0},"p":{"a":0,"k":[0,0,0],"ix":2},"sa":{"a":0,"k":0},"o":{"a":0,"k":50,"ix":11},"rx":{"a":0,"k":0,"ix":8},"ry":{"a":0,"k":0,"ix":9},"rz":{"a":0,"k":0,"ix":10},"or":{"a":0,"k":[0,0,0],"ix":7}},"ef":[],"shapes":[{"ty":"gr","bm":0,"hd":false,"mn":"ADBE Vector Group","nm":"Group 1","ix":1,"cix":2,"np":2,"it":[{"ty":"gr","bm":0,"hd":false,"mn":"ADBE Vector Group","nm":"one","ix":1,"cix":2,"np":1,"it":[{"ty":"sh","bm":0,"hd":false,"mn":"ADBE Vector Shape - Group","nm":"Path 1","ix":1,"d":1,"ks":{"a":0,"k":{"c":true,"i":[[-276.142,0],[0,-276.142],[276.142,0],[0,276.142]],"o":[[276.142,0],[0,276.142],[-276.142,0],[0,-276.142]],"v":[[0,-500],[500,0],[0,500],[-500,0]]},"ix":2}},{"ty":"tr","a":{"a":0,"k":[0,0],"ix":1},"s":{"a":0,"k":[100,100],"ix":3},"sk":{"a":0,"k":0,"ix":4},"p":{"a":0,"k":[0,0],"ix":2},"r":{"a":0,"k":0,"ix":6},"sa":{"a":0,"k":0,"ix":5},"o":{"a":0,"k":100,"ix":7}}]},{"ty":"gf","bm":0,"hd":false,"mn":"ADBE Vector Graphic - G-Fill","nm":"Gradient Fill 1","e":{"a":0,"k":[549.589,-14.873],"ix":6},"g":{"p":2,"k":{"a":0,"k":[0,0.9411764705882353,0.5058823529411764,0.4627450980392157,1,0.25882352941176473,0.6235294117647059,0.8313725490196079],"ix":9}},"t":1,"a":{"a":0,"k":0},"h":{"a":0,"k":0},"s":{"a":0,"k":[-512.975,2.5],"ix":5},"r":1,"o":{"a":0,"k":100,"ix":10}},{"ty":"tr","a":{"a":0,"k":[0,0],"ix":1},"s":{"a":0,"k":[100,100],"ix":3},"sk":{"a":0,"k":0,"ix":4},"p":{"a":0,"k":[0,0],"ix":2},"r":{"a":0,"k":0,"ix":6},"sa":{"a":0,"k":0,"ix":5},"o":{"a":0,"k":100,"ix":7}}]}],"ind":10,"parent":11},{"ty":4,"nm":"Shape Layer 13","sr":1,"st":0,"op":300,"ip":0,"hd":false,"ddd":1,"bm":3,"tt":3,"hasMask":false,"ao":0,"ks":{"a":{"a":0,"k":[0,0,0],"ix":1},"s":{"a":1,"k":[{"o":{"x":0.333,"y":0},"i":{"x":0,"y":1},"s":[15.641,15.641,15.641],"t":7},{"o":{"x":1,"y":0},"i":{"x":0.833,"y":0.833},"s":[79,79,79],"t":143},{"s":[0,0,0],"t":289.7763671875}],"ix":6},"sk":{"a":0,"k":0},"p":{"a":0,"k":[0,0,0],"ix":2},"sa":{"a":0,"k":0},"o":{"a":1,"k":[{"o":{"x":0.333,"y":0},"i":{"x":0.667,"y":1},"s":[0],"t":27},{"o":{"x":0.167,"y":0},"i":{"x":0.833,"y":1},"s":[50],"t":49},{"o":{"x":0.167,"y":0},"i":{"x":0.833,"y":1},"s":[50],"t":239},{"s":[0],"t":273}],"ix":11},"rx":{"a":0,"k":0,"ix":8},"ry":{"a":0,"k":-66,"ix":9},"rz":{"a":0,"k":200,"ix":10},"or":{"a":1,"k":[{"o":{"x":0.167,"y":0.001},"i":{"x":0,"y":1},"s":[320,0,278],"t":10},{"s":[0,0,278],"t":112}],"ix":7}},"ef":[{"ty":0,"mn":"ADBE Tint","nm":"Tint","ix":1,"en":1,"ef":[{"ty":2,"mn":"ADBE Tint-0001","nm":"Map Black To","ix":1,"v":{"a":0,"k":[1,0.3294,0.2196],"ix":1}},{"ty":2,"mn":"ADBE Tint-0002","nm":"Map White To","ix":2,"v":{"a":0,"k":[0.2549,0.4902,0.6078],"ix":2}},{"ty":0,"mn":"ADBE Tint-0003","nm":"Amount to Tint","ix":3,"v":{"a":0,"k":100,"ix":3}},{"ty":6,"mn":"ADBE Tint-0004","nm":"","ix":4,"v":0}]}],"shapes":[{"ty":"gr","bm":0,"hd":false,"mn":"ADBE Vector Group","nm":"Group 1","ix":1,"cix":2,"np":1,"it":[{"ty":"gr","bm":0,"hd":false,"mn":"ADBE Vector Group","nm":"one","ix":1,"cix":2,"np":1,"it":[{"ty":"sh","bm":0,"hd":false,"mn":"ADBE Vector Shape - Group","nm":"Path 1","ix":1,"d":1,"ks":{"a":0,"k":{"c":true,"i":[[-276.142,0],[0,-276.142],[276.142,0],[0,276.142]],"o":[[276.142,0],[0,276.142],[-276.142,0],[0,-276.142]],"v":[[0,-500],[500,0],[0,500],[-500,0]]},"ix":2}},{"ty":"tr","a":{"a":0,"k":[0,0],"ix":1},"s":{"a":0,"k":[100,100],"ix":3},"sk":{"a":0,"k":0,"ix":4},"p":{"a":0,"k":[0,0],"ix":2},"r":{"a":0,"k":0,"ix":6},"sa":{"a":0,"k":0,"ix":5},"o":{"a":0,"k":100,"ix":7}}]},{"ty":"tr","a":{"a":0,"k":[0,0],"ix":1},"s":{"a":0,"k":[100,100],"ix":3},"sk":{"a":0,"k":0,"ix":4},"p":{"a":0,"k":[0,0],"ix":2},"r":{"a":0,"k":0,"ix":6},"sa":{"a":0,"k":0,"ix":5},"o":{"a":0,"k":100,"ix":7}}]},{"ty":"gf","bm":0,"hd":false,"mn":"ADBE Vector Graphic - G-Fill","nm":"Gradient Fill 1","e":{"a":0,"k":[365,0],"ix":6},"g":{"p":2,"k":{"a":0,"k":[0,0.9411764705882353,0.5058823529411764,0.4627450980392157,1,0.25882352941176473,0.6235294117647059,0.8313725490196079],"ix":9}},"t":1,"a":{"a":0,"k":0},"h":{"a":0,"k":0},"s":{"a":0,"k":[-394,0],"ix":5},"r":1,"o":{"a":0,"k":100,"ix":10}}],"ind":11,"parent":1},{"ty":4,"nm":"Shape Layer 12","sr":1,"st":0,"op":300,"ip":0,"hd":false,"ddd":1,"bm":0,"hasMask":false,"td":1,"ao":0,"ks":{"a":{"a":0,"k":[0,0,0],"ix":1},"s":{"a":0,"k":[101.266,101.266,101.266],"ix":6},"sk":{"a":0,"k":0},"p":{"a":0,"k":[0,0,0],"ix":2},"sa":{"a":0,"k":0},"o":{"a":0,"k":50,"ix":11},"rx":{"a":0,"k":0,"ix":8},"ry":{"a":0,"k":0,"ix":9},"rz":{"a":0,"k":0,"ix":10},"or":{"a":0,"k":[0,0,0],"ix":7}},"ef":[],"shapes":[{"ty":"gr","bm":0,"hd":false,"mn":"ADBE Vector Group","nm":"Group 1","ix":1,"cix":2,"np":2,"it":[{"ty":"gr","bm":0,"hd":false,"mn":"ADBE Vector Group","nm":"one","ix":1,"cix":2,"np":1,"it":[{"ty":"sh","bm":0,"hd":false,"mn":"ADBE Vector Shape - Group","nm":"Path 1","ix":1,"d":1,"ks":{"a":0,"k":{"c":true,"i":[[-276.142,0],[0,-276.142],[276.142,0],[0,276.142]],"o":[[276.142,0],[0,276.142],[-276.142,0],[0,-276.142]],"v":[[0,-500],[500,0],[0,500],[-500,0]]},"ix":2}},{"ty":"tr","a":{"a":0,"k":[0,0],"ix":1},"s":{"a":0,"k":[100,100],"ix":3},"sk":{"a":0,"k":0,"ix":4},"p":{"a":0,"k":[0,0],"ix":2},"r":{"a":0,"k":0,"ix":6},"sa":{"a":0,"k":0,"ix":5},"o":{"a":0,"k":100,"ix":7}}]},{"ty":"gf","bm":0,"hd":false,"mn":"ADBE Vector Graphic - G-Fill","nm":"Gradient Fill 1","e":{"a":0,"k":[549.589,-14.873],"ix":6},"g":{"p":2,"k":{"a":0,"k":[0,0.9411764705882353,0.5058823529411764,0.4627450980392157,1,0.25882352941176473,0.6235294117647059,0.8313725490196079],"ix":9}},"t":1,"a":{"a":0,"k":0},"h":{"a":0,"k":0},"s":{"a":0,"k":[-512.975,2.5],"ix":5},"r":1,"o":{"a":0,"k":100,"ix":10}},{"ty":"tr","a":{"a":0,"k":[0,0],"ix":1},"s":{"a":0,"k":[100,100],"ix":3},"sk":{"a":0,"k":0,"ix":4},"p":{"a":0,"k":[0,0],"ix":2},"r":{"a":0,"k":0,"ix":6},"sa":{"a":0,"k":0,"ix":5},"o":{"a":0,"k":100,"ix":7}}]}],"ind":12,"parent":13},{"ty":4,"nm":"Shape Layer 11","sr":1,"st":0,"op":300,"ip":0,"hd":false,"ddd":1,"bm":3,"tt":3,"hasMask":false,"ao":0,"ks":{"a":{"a":0,"k":[0,0,0],"ix":1},"s":{"a":1,"k":[{"o":{"x":0.333,"y":0},"i":{"x":0,"y":1},"s":[15.641,15.641,15.641],"t":0},{"o":{"x":1,"y":0},"i":{"x":0.833,"y":0.833},"s":[79,79,79],"t":143},{"s":[0,0,0],"t":280.8203125}],"ix":6},"sk":{"a":0,"k":0},"p":{"a":0,"k":[0,0,0],"ix":2},"sa":{"a":0,"k":0},"o":{"a":1,"k":[{"o":{"x":0.333,"y":0},"i":{"x":0.667,"y":1},"s":[0],"t":21},{"o":{"x":0.167,"y":0},"i":{"x":0.833,"y":1},"s":[50],"t":43},{"o":{"x":0.167,"y":0},"i":{"x":0.833,"y":1},"s":[50],"t":234},{"s":[0],"t":268}],"ix":11},"rx":{"a":0,"k":0,"ix":8},"ry":{"a":0,"k":-73,"ix":9},"rz":{"a":0,"k":170,"ix":10},"or":{"a":1,"k":[{"o":{"x":0.167,"y":0.001},"i":{"x":0,"y":1},"s":[320,0,303],"t":6},{"s":[0,0,303],"t":107}],"ix":7}},"ef":[{"ty":0,"mn":"ADBE Tint","nm":"Tint","ix":1,"en":1,"ef":[{"ty":2,"mn":"ADBE Tint-0001","nm":"Map Black To","ix":1,"v":{"a":0,"k":[1,0.3294,0.2196],"ix":1}},{"ty":2,"mn":"ADBE Tint-0002","nm":"Map White To","ix":2,"v":{"a":0,"k":[0.2549,0.4902,0.6078],"ix":2}},{"ty":0,"mn":"ADBE Tint-0003","nm":"Amount to Tint","ix":3,"v":{"a":0,"k":100,"ix":3}},{"ty":6,"mn":"ADBE Tint-0004","nm":"","ix":4,"v":0}]}],"shapes":[{"ty":"gr","bm":0,"hd":false,"mn":"ADBE Vector Group","nm":"Group 1","ix":1,"cix":2,"np":1,"it":[{"ty":"gr","bm":0,"hd":false,"mn":"ADBE Vector Group","nm":"one","ix":1,"cix":2,"np":1,"it":[{"ty":"sh","bm":0,"hd":false,"mn":"ADBE Vector Shape - Group","nm":"Path 1","ix":1,"d":1,"ks":{"a":0,"k":{"c":true,"i":[[-276.142,0],[0,-276.142],[276.142,0],[0,276.142]],"o":[[276.142,0],[0,276.142],[-276.142,0],[0,-276.142]],"v":[[0,-500],[500,0],[0,500],[-500,0]]},"ix":2}},{"ty":"tr","a":{"a":0,"k":[0,0],"ix":1},"s":{"a":0,"k":[100,100],"ix":3},"sk":{"a":0,"k":0,"ix":4},"p":{"a":0,"k":[0,0],"ix":2},"r":{"a":0,"k":0,"ix":6},"sa":{"a":0,"k":0,"ix":5},"o":{"a":0,"k":100,"ix":7}}]},{"ty":"tr","a":{"a":0,"k":[0,0],"ix":1},"s":{"a":0,"k":[100,100],"ix":3},"sk":{"a":0,"k":0,"ix":4},"p":{"a":0,"k":[0,0],"ix":2},"r":{"a":0,"k":0,"ix":6},"sa":{"a":0,"k":0,"ix":5},"o":{"a":0,"k":100,"ix":7}}]},{"ty":"gf","bm":0,"hd":false,"mn":"ADBE Vector Graphic - G-Fill","nm":"Gradient Fill 1","e":{"a":0,"k":[365,0],"ix":6},"g":{"p":2,"k":{"a":0,"k":[0,0.9411764705882353,0.5058823529411764,0.4627450980392157,1,0.25882352941176473,0.6235294117647059,0.8313725490196079],"ix":9}},"t":1,"a":{"a":0,"k":0},"h":{"a":0,"k":0},"s":{"a":0,"k":[-394,0],"ix":5},"r":1,"o":{"a":0,"k":100,"ix":10}}],"ind":13,"parent":1},{"ty":4,"nm":"Shape Layer 10","sr":1,"st":0,"op":300,"ip":0,"hd":false,"ddd":1,"bm":0,"hasMask":false,"td":1,"ao":0,"ks":{"a":{"a":0,"k":[0,0,0],"ix":1},"s":{"a":0,"k":[101.266,101.266,101.266],"ix":6},"sk":{"a":0,"k":0},"p":{"a":0,"k":[0,0,0],"ix":2},"sa":{"a":0,"k":0},"o":{"a":0,"k":50,"ix":11},"rx":{"a":0,"k":0,"ix":8},"ry":{"a":0,"k":0,"ix":9},"rz":{"a":0,"k":0,"ix":10},"or":{"a":0,"k":[0,0,0],"ix":7}},"ef":[],"shapes":[{"ty":"gr","bm":0,"hd":false,"mn":"ADBE Vector Group","nm":"Group 1","ix":1,"cix":2,"np":2,"it":[{"ty":"gr","bm":0,"hd":false,"mn":"ADBE Vector Group","nm":"one","ix":1,"cix":2,"np":1,"it":[{"ty":"sh","bm":0,"hd":false,"mn":"ADBE Vector Shape - Group","nm":"Path 1","ix":1,"d":1,"ks":{"a":0,"k":{"c":true,"i":[[-276.142,0],[0,-276.142],[276.142,0],[0,276.142]],"o":[[276.142,0],[0,276.142],[-276.142,0],[0,-276.142]],"v":[[0,-500],[500,0],[0,500],[-500,0]]},"ix":2}},{"ty":"tr","a":{"a":0,"k":[0,0],"ix":1},"s":{"a":0,"k":[100,100],"ix":3},"sk":{"a":0,"k":0,"ix":4},"p":{"a":0,"k":[0,0],"ix":2},"r":{"a":0,"k":0,"ix":6},"sa":{"a":0,"k":0,"ix":5},"o":{"a":0,"k":100,"ix":7}}]},{"ty":"gf","bm":0,"hd":false,"mn":"ADBE Vector Graphic - G-Fill","nm":"Gradient Fill 1","e":{"a":0,"k":[549.589,-14.873],"ix":6},"g":{"p":2,"k":{"a":0,"k":[0,0.9411764705882353,0.5058823529411764,0.4627450980392157,1,0.25882352941176473,0.6235294117647059,0.8313725490196079],"ix":9}},"t":1,"a":{"a":0,"k":0},"h":{"a":0,"k":0},"s":{"a":0,"k":[-512.975,2.5],"ix":5},"r":1,"o":{"a":0,"k":100,"ix":10}},{"ty":"tr","a":{"a":0,"k":[0,0],"ix":1},"s":{"a":0,"k":[100,100],"ix":3},"sk":{"a":0,"k":0,"ix":4},"p":{"a":0,"k":[0,0],"ix":2},"r":{"a":0,"k":0,"ix":6},"sa":{"a":0,"k":0,"ix":5},"o":{"a":0,"k":100,"ix":7}}]}],"ind":14,"parent":15},{"ty":4,"nm":"Shape Layer 9","sr":1,"st":0,"op":300,"ip":0,"hd":false,"ddd":1,"bm":3,"tt":3,"hasMask":false,"ao":0,"ks":{"a":{"a":0,"k":[0,0,0],"ix":1},"s":{"a":1,"k":[{"o":{"x":0.333,"y":0},"i":{"x":0,"y":1},"s":[27,27,27],"t":-5},{"o":{"x":1,"y":0},"i":{"x":0.833,"y":0.833},"s":[79,79,79],"t":143},{"s":[0,0,0],"t":271.8671875}],"ix":6},"sk":{"a":0,"k":0},"p":{"a":0,"k":[0,0,0],"ix":2},"sa":{"a":0,"k":0},"o":{"a":1,"k":[{"o":{"x":0.333,"y":0},"i":{"x":0.667,"y":1},"s":[0],"t":16},{"o":{"x":0.167,"y":0},"i":{"x":0.833,"y":1},"s":[50],"t":38},{"o":{"x":0.167,"y":0},"i":{"x":0.833,"y":1},"s":[50],"t":230},{"s":[0],"t":264}],"ix":11},"rx":{"a":0,"k":0,"ix":8},"ry":{"a":0,"k":-74,"ix":9},"rz":{"a":0,"k":140,"ix":10},"or":{"a":1,"k":[{"o":{"x":0.167,"y":0.001},"i":{"x":0,"y":1},"s":[320,0,327],"t":2},{"s":[0,0,327],"t":101}],"ix":7}},"ef":[{"ty":0,"mn":"ADBE Tint","nm":"Tint","ix":1,"en":1,"ef":[{"ty":2,"mn":"ADBE Tint-0001","nm":"Map Black To","ix":1,"v":{"a":0,"k":[1,0.3294,0.2196],"ix":1}},{"ty":2,"mn":"ADBE Tint-0002","nm":"Map White To","ix":2,"v":{"a":0,"k":[0.2549,0.4902,0.6078],"ix":2}},{"ty":0,"mn":"ADBE Tint-0003","nm":"Amount to Tint","ix":3,"v":{"a":0,"k":100,"ix":3}},{"ty":6,"mn":"ADBE Tint-0004","nm":"","ix":4,"v":0}]}],"shapes":[{"ty":"gr","bm":0,"hd":false,"mn":"ADBE Vector Group","nm":"Group 1","ix":1,"cix":2,"np":1,"it":[{"ty":"gr","bm":0,"hd":false,"mn":"ADBE Vector Group","nm":"one","ix":1,"cix":2,"np":1,"it":[{"ty":"sh","bm":0,"hd":false,"mn":"ADBE Vector Shape - Group","nm":"Path 1","ix":1,"d":1,"ks":{"a":0,"k":{"c":true,"i":[[-276.142,0],[0,-276.142],[276.142,0],[0,276.142]],"o":[[276.142,0],[0,276.142],[-276.142,0],[0,-276.142]],"v":[[0,-500],[500,0],[0,500],[-500,0]]},"ix":2}},{"ty":"tr","a":{"a":0,"k":[0,0],"ix":1},"s":{"a":0,"k":[100,100],"ix":3},"sk":{"a":0,"k":0,"ix":4},"p":{"a":0,"k":[0,0],"ix":2},"r":{"a":0,"k":0,"ix":6},"sa":{"a":0,"k":0,"ix":5},"o":{"a":0,"k":100,"ix":7}}]},{"ty":"tr","a":{"a":0,"k":[0,0],"ix":1},"s":{"a":0,"k":[100,100],"ix":3},"sk":{"a":0,"k":0,"ix":4},"p":{"a":0,"k":[0,0],"ix":2},"r":{"a":0,"k":0,"ix":6},"sa":{"a":0,"k":0,"ix":5},"o":{"a":0,"k":100,"ix":7}}]},{"ty":"gf","bm":0,"hd":false,"mn":"ADBE Vector Graphic - G-Fill","nm":"Gradient Fill 1","e":{"a":0,"k":[365,0],"ix":6},"g":{"p":2,"k":{"a":0,"k":[0,0.9411764705882353,0.5058823529411764,0.4627450980392157,1,0.25882352941176473,0.6235294117647059,0.8313725490196079],"ix":9}},"t":1,"a":{"a":0,"k":0},"h":{"a":0,"k":0},"s":{"a":0,"k":[-394,0],"ix":5},"r":1,"o":{"a":0,"k":100,"ix":10}}],"ind":15,"parent":1},{"ty":4,"nm":"Shape Layer 8","sr":1,"st":0,"op":300,"ip":0,"hd":false,"ddd":1,"bm":0,"hasMask":false,"td":1,"ao":0,"ks":{"a":{"a":0,"k":[0,0,0],"ix":1},"s":{"a":0,"k":[101.266,101.266,101.266],"ix":6},"sk":{"a":0,"k":0},"p":{"a":0,"k":[0,0,0],"ix":2},"sa":{"a":0,"k":0},"o":{"a":0,"k":50,"ix":11},"rx":{"a":0,"k":0,"ix":8},"ry":{"a":0,"k":0,"ix":9},"rz":{"a":0,"k":0,"ix":10},"or":{"a":0,"k":[0,0,0],"ix":7}},"ef":[],"shapes":[{"ty":"gr","bm":0,"hd":false,"mn":"ADBE Vector Group","nm":"Group 1","ix":1,"cix":2,"np":2,"it":[{"ty":"gr","bm":0,"hd":false,"mn":"ADBE Vector Group","nm":"one","ix":1,"cix":2,"np":1,"it":[{"ty":"sh","bm":0,"hd":false,"mn":"ADBE Vector Shape - Group","nm":"Path 1","ix":1,"d":1,"ks":{"a":0,"k":{"c":true,"i":[[-276.142,0],[0,-276.142],[276.142,0],[0,276.142]],"o":[[276.142,0],[0,276.142],[-276.142,0],[0,-276.142]],"v":[[0,-500],[500,0],[0,500],[-500,0]]},"ix":2}},{"ty":"tr","a":{"a":0,"k":[0,0],"ix":1},"s":{"a":0,"k":[100,100],"ix":3},"sk":{"a":0,"k":0,"ix":4},"p":{"a":0,"k":[0,0],"ix":2},"r":{"a":0,"k":0,"ix":6},"sa":{"a":0,"k":0,"ix":5},"o":{"a":0,"k":100,"ix":7}}]},{"ty":"gf","bm":0,"hd":false,"mn":"ADBE Vector Graphic - G-Fill","nm":"Gradient Fill 1","e":{"a":0,"k":[549.589,-14.873],"ix":6},"g":{"p":2,"k":{"a":0,"k":[0,0.9411764705882353,0.5058823529411764,0.4627450980392157,1,0.25882352941176473,0.6235294117647059,0.8313725490196079],"ix":9}},"t":1,"a":{"a":0,"k":0},"h":{"a":0,"k":0},"s":{"a":0,"k":[-512.975,2.5],"ix":5},"r":1,"o":{"a":0,"k":100,"ix":10}},{"ty":"tr","a":{"a":0,"k":[0,0],"ix":1},"s":{"a":0,"k":[100,100],"ix":3},"sk":{"a":0,"k":0,"ix":4},"p":{"a":0,"k":[0,0],"ix":2},"r":{"a":0,"k":0,"ix":6},"sa":{"a":0,"k":0,"ix":5},"o":{"a":0,"k":100,"ix":7}}]}],"ind":16,"parent":17},{"ty":4,"nm":"Shape Layer 7","sr":1,"st":0,"op":300,"ip":0,"hd":false,"ddd":1,"bm":3,"tt":3,"hasMask":false,"ao":0,"ks":{"a":{"a":0,"k":[0,0,0],"ix":1},"s":{"a":1,"k":[{"o":{"x":0.333,"y":0},"i":{"x":0,"y":1},"s":[27,27,27],"t":-12},{"o":{"x":1,"y":0},"i":{"x":0.833,"y":0.833},"s":[79,79,79],"t":143},{"s":[0,0,0],"t":262.9091796875}],"ix":6},"sk":{"a":0,"k":0},"p":{"a":0,"k":[0,0,0],"ix":2},"sa":{"a":0,"k":0},"o":{"a":1,"k":[{"o":{"x":0.333,"y":0},"i":{"x":0.667,"y":1},"s":[0],"t":8},{"o":{"x":0.167,"y":0},"i":{"x":0.833,"y":1},"s":[50],"t":30},{"o":{"x":0.167,"y":0},"i":{"x":0.833,"y":1},"s":[50],"t":226},{"s":[0],"t":260}],"ix":11},"rx":{"a":0,"k":0,"ix":8},"ry":{"a":0,"k":-60,"ix":9},"rz":{"a":0,"k":125,"ix":10},"or":{"a":1,"k":[{"o":{"x":0.167,"y":0.001},"i":{"x":0,"y":1},"s":[320,0,347],"t":0},{"s":[0,0,347],"t":97}],"ix":7}},"ef":[{"ty":0,"mn":"ADBE Tint","nm":"Tint","ix":1,"en":1,"ef":[{"ty":2,"mn":"ADBE Tint-0001","nm":"Map Black To","ix":1,"v":{"a":0,"k":[1,0.3294,0.2196],"ix":1}},{"ty":2,"mn":"ADBE Tint-0002","nm":"Map White To","ix":2,"v":{"a":0,"k":[0.2549,0.4902,0.6078],"ix":2}},{"ty":0,"mn":"ADBE Tint-0003","nm":"Amount to Tint","ix":3,"v":{"a":0,"k":100,"ix":3}},{"ty":6,"mn":"ADBE Tint-0004","nm":"","ix":4,"v":0}]}],"shapes":[{"ty":"gr","bm":0,"hd":false,"mn":"ADBE Vector Group","nm":"Group 1","ix":1,"cix":2,"np":1,"it":[{"ty":"gr","bm":0,"hd":false,"mn":"ADBE Vector Group","nm":"one","ix":1,"cix":2,"np":1,"it":[{"ty":"sh","bm":0,"hd":false,"mn":"ADBE Vector Shape - Group","nm":"Path 1","ix":1,"d":1,"ks":{"a":0,"k":{"c":true,"i":[[-276.142,0],[0,-276.142],[276.142,0],[0,276.142]],"o":[[276.142,0],[0,276.142],[-276.142,0],[0,-276.142]],"v":[[0,-500],[500,0],[0,500],[-500,0]]},"ix":2}},{"ty":"tr","a":{"a":0,"k":[0,0],"ix":1},"s":{"a":0,"k":[100,100],"ix":3},"sk":{"a":0,"k":0,"ix":4},"p":{"a":0,"k":[0,0],"ix":2},"r":{"a":0,"k":0,"ix":6},"sa":{"a":0,"k":0,"ix":5},"o":{"a":0,"k":100,"ix":7}}]},{"ty":"tr","a":{"a":0,"k":[0,0],"ix":1},"s":{"a":0,"k":[100,100],"ix":3},"sk":{"a":0,"k":0,"ix":4},"p":{"a":0,"k":[0,0],"ix":2},"r":{"a":0,"k":0,"ix":6},"sa":{"a":0,"k":0,"ix":5},"o":{"a":0,"k":100,"ix":7}}]},{"ty":"gf","bm":0,"hd":false,"mn":"ADBE Vector Graphic - G-Fill","nm":"Gradient Fill 1","e":{"a":0,"k":[365,0],"ix":6},"g":{"p":2,"k":{"a":0,"k":[0,0.9411764705882353,0.5058823529411764,0.4627450980392157,1,0.25882352941176473,0.6235294117647059,0.8313725490196079],"ix":9}},"t":1,"a":{"a":0,"k":0},"h":{"a":0,"k":0},"s":{"a":0,"k":[-394,0],"ix":5},"r":1,"o":{"a":0,"k":100,"ix":10}}],"ind":17,"parent":1},{"ty":4,"nm":"Shape Layer 24","sr":1,"st":0,"op":300,"ip":0,"hd":false,"ddd":1,"bm":0,"hasMask":false,"td":1,"ao":0,"ks":{"a":{"a":0,"k":[0,0,0],"ix":1},"s":{"a":0,"k":[101.266,101.266,101.266],"ix":6},"sk":{"a":0,"k":0},"p":{"a":0,"k":[0,0,0],"ix":2},"sa":{"a":0,"k":0},"o":{"a":0,"k":50,"ix":11},"rx":{"a":0,"k":0,"ix":8},"ry":{"a":0,"k":0,"ix":9},"rz":{"a":0,"k":0,"ix":10},"or":{"a":0,"k":[0,0,0],"ix":7}},"ef":[],"shapes":[{"ty":"gr","bm":0,"hd":false,"mn":"ADBE Vector Group","nm":"Group 1","ix":1,"cix":2,"np":2,"it":[{"ty":"gr","bm":0,"hd":false,"mn":"ADBE Vector Group","nm":"one","ix":1,"cix":2,"np":1,"it":[{"ty":"sh","bm":0,"hd":false,"mn":"ADBE Vector Shape - Group","nm":"Path 1","ix":1,"d":1,"ks":{"a":0,"k":{"c":true,"i":[[-276.142,0],[0,-276.142],[276.142,0],[0,276.142]],"o":[[276.142,0],[0,276.142],[-276.142,0],[0,-276.142]],"v":[[0,-500],[500,0],[0,500],[-500,0]]},"ix":2}},{"ty":"tr","a":{"a":0,"k":[0,0],"ix":1},"s":{"a":0,"k":[100,100],"ix":3},"sk":{"a":0,"k":0,"ix":4},"p":{"a":0,"k":[0,0],"ix":2},"r":{"a":0,"k":0,"ix":6},"sa":{"a":0,"k":0,"ix":5},"o":{"a":0,"k":100,"ix":7}}]},{"ty":"gf","bm":0,"hd":false,"mn":"ADBE Vector Graphic - G-Fill","nm":"Gradient Fill 1","e":{"a":0,"k":[549.589,-14.873],"ix":6},"g":{"p":2,"k":{"a":0,"k":[0,0.9411764705882353,0.5058823529411764,0.4627450980392157,1,0.25882352941176473,0.6235294117647059,0.8313725490196079],"ix":9}},"t":1,"a":{"a":0,"k":0},"h":{"a":0,"k":0},"s":{"a":0,"k":[-512.975,2.5],"ix":5},"r":1,"o":{"a":0,"k":100,"ix":10}},{"ty":"tr","a":{"a":0,"k":[0,0],"ix":1},"s":{"a":0,"k":[100,100],"ix":3},"sk":{"a":0,"k":0,"ix":4},"p":{"a":0,"k":[0,0],"ix":2},"r":{"a":0,"k":0,"ix":6},"sa":{"a":0,"k":0,"ix":5},"o":{"a":0,"k":100,"ix":7}}]}],"ind":18,"parent":19},{"ty":4,"nm":"Shape Layer 23","sr":1,"st":0,"op":300,"ip":0,"hd":false,"ddd":1,"bm":3,"tt":3,"hasMask":false,"ao":0,"ks":{"a":{"a":0,"k":[0,0,0],"ix":1},"s":{"a":1,"k":[{"o":{"x":0.333,"y":0},"i":{"x":0,"y":1},"s":[27,27,27],"t":-17},{"o":{"x":1,"y":0},"i":{"x":0.833,"y":0.833},"s":[79,79,79],"t":143},{"s":[0,0,0],"t":253.955078125}],"ix":6},"sk":{"a":0,"k":0},"p":{"a":0,"k":[0,0,0],"ix":2},"sa":{"a":0,"k":0},"o":{"a":1,"k":[{"o":{"x":0.333,"y":0},"i":{"x":0.667,"y":1},"s":[0],"t":6},{"o":{"x":0.167,"y":0},"i":{"x":0.833,"y":1},"s":[50],"t":28},{"o":{"x":0.167,"y":0},"i":{"x":0.833,"y":1},"s":[50],"t":221},{"s":[0],"t":255}],"ix":11},"rx":{"a":0,"k":0,"ix":8},"ry":{"a":0,"k":-48,"ix":9},"rz":{"a":0,"k":90,"ix":10},"or":{"a":1,"k":[{"o":{"x":0.167,"y":0.002},"i":{"x":0,"y":1},"s":[320,0,8],"t":0},{"s":[0,0,8],"t":93}],"ix":7}},"ef":[{"ty":0,"mn":"ADBE Tint","nm":"Tint","ix":1,"en":1,"ef":[{"ty":2,"mn":"ADBE Tint-0001","nm":"Map Black To","ix":1,"v":{"a":0,"k":[1,0.3294,0.2196],"ix":1}},{"ty":2,"mn":"ADBE Tint-0002","nm":"Map White To","ix":2,"v":{"a":0,"k":[0.2549,0.4902,0.6078],"ix":2}},{"ty":0,"mn":"ADBE Tint-0003","nm":"Amount to Tint","ix":3,"v":{"a":0,"k":100,"ix":3}},{"ty":6,"mn":"ADBE Tint-0004","nm":"","ix":4,"v":0}]}],"shapes":[{"ty":"gr","bm":0,"hd":false,"mn":"ADBE Vector Group","nm":"Group 1","ix":1,"cix":2,"np":1,"it":[{"ty":"gr","bm":0,"hd":false,"mn":"ADBE Vector Group","nm":"one","ix":1,"cix":2,"np":1,"it":[{"ty":"sh","bm":0,"hd":false,"mn":"ADBE Vector Shape - Group","nm":"Path 1","ix":1,"d":1,"ks":{"a":0,"k":{"c":true,"i":[[-276.142,0],[0,-276.142],[276.142,0],[0,276.142]],"o":[[276.142,0],[0,276.142],[-276.142,0],[0,-276.142]],"v":[[0,-500],[500,0],[0,500],[-500,0]]},"ix":2}},{"ty":"tr","a":{"a":0,"k":[0,0],"ix":1},"s":{"a":0,"k":[100,100],"ix":3},"sk":{"a":0,"k":0,"ix":4},"p":{"a":0,"k":[0,0],"ix":2},"r":{"a":0,"k":0,"ix":6},"sa":{"a":0,"k":0,"ix":5},"o":{"a":0,"k":100,"ix":7}}]},{"ty":"tr","a":{"a":0,"k":[0,0],"ix":1},"s":{"a":0,"k":[100,100],"ix":3},"sk":{"a":0,"k":0,"ix":4},"p":{"a":0,"k":[0,0],"ix":2},"r":{"a":0,"k":0,"ix":6},"sa":{"a":0,"k":0,"ix":5},"o":{"a":0,"k":100,"ix":7}}]},{"ty":"gf","bm":0,"hd":false,"mn":"ADBE Vector Graphic - G-Fill","nm":"Gradient Fill 1","e":{"a":0,"k":[365,0],"ix":6},"g":{"p":2,"k":{"a":0,"k":[0,0.9411764705882353,0.5058823529411764,0.4627450980392157,1,0.25882352941176473,0.6235294117647059,0.8313725490196079],"ix":9}},"t":1,"a":{"a":0,"k":0},"h":{"a":0,"k":0},"s":{"a":0,"k":[-394,0],"ix":5},"r":1,"o":{"a":0,"k":100,"ix":10}}],"ind":19,"parent":1},{"ty":4,"nm":"Shape Layer 26","sr":1,"st":1,"op":301,"ip":-3,"hd":false,"ddd":1,"bm":0,"hasMask":false,"td":1,"ao":0,"ks":{"a":{"a":0,"k":[0,0,0],"ix":1},"s":{"a":0,"k":[101.266,101.266,101.266],"ix":6},"sk":{"a":0,"k":0},"p":{"a":0,"k":[0,0,0],"ix":2},"sa":{"a":0,"k":0},"o":{"a":0,"k":50,"ix":11},"rx":{"a":0,"k":0,"ix":8},"ry":{"a":0,"k":0,"ix":9},"rz":{"a":0,"k":0,"ix":10},"or":{"a":0,"k":[0,0,0],"ix":7}},"ef":[],"shapes":[{"ty":"gr","bm":0,"hd":false,"mn":"ADBE Vector Group","nm":"Group 1","ix":1,"cix":2,"np":2,"it":[{"ty":"gr","bm":0,"hd":false,"mn":"ADBE Vector Group","nm":"one","ix":1,"cix":2,"np":1,"it":[{"ty":"sh","bm":0,"hd":false,"mn":"ADBE Vector Shape - Group","nm":"Path 1","ix":1,"d":1,"ks":{"a":0,"k":{"c":true,"i":[[-276.142,0],[0,-276.142],[276.142,0],[0,276.142]],"o":[[276.142,0],[0,276.142],[-276.142,0],[0,-276.142]],"v":[[0,-500],[500,0],[0,500],[-500,0]]},"ix":2}},{"ty":"tr","a":{"a":0,"k":[0,0],"ix":1},"s":{"a":0,"k":[100,100],"ix":3},"sk":{"a":0,"k":0,"ix":4},"p":{"a":0,"k":[0,0],"ix":2},"r":{"a":0,"k":0,"ix":6},"sa":{"a":0,"k":0,"ix":5},"o":{"a":0,"k":100,"ix":7}}]},{"ty":"gf","bm":0,"hd":false,"mn":"ADBE Vector Graphic - G-Fill","nm":"Gradient Fill 1","e":{"a":0,"k":[549.589,-14.873],"ix":6},"g":{"p":2,"k":{"a":0,"k":[0,0.9411764705882353,0.5058823529411764,0.4627450980392157,1,0.25882352941176473,0.6235294117647059,0.8313725490196079],"ix":9}},"t":1,"a":{"a":0,"k":0},"h":{"a":0,"k":0},"s":{"a":0,"k":[-512.975,2.5],"ix":5},"r":1,"o":{"a":0,"k":100,"ix":10}},{"ty":"tr","a":{"a":0,"k":[0,0],"ix":1},"s":{"a":0,"k":[100,100],"ix":3},"sk":{"a":0,"k":0,"ix":4},"p":{"a":0,"k":[0,0],"ix":2},"r":{"a":0,"k":0,"ix":6},"sa":{"a":0,"k":0,"ix":5},"o":{"a":0,"k":100,"ix":7}}]}],"ind":20,"parent":21},{"ty":4,"nm":"Shape Layer 25","sr":1,"st":0,"op":300,"ip":0,"hd":false,"ddd":1,"bm":3,"tt":3,"hasMask":false,"ao":0,"ks":{"a":{"a":0,"k":[0,0,0],"ix":1},"s":{"a":1,"k":[{"o":{"x":0.333,"y":0},"i":{"x":0,"y":1},"s":[27,27,27],"t":-23},{"o":{"x":1,"y":0},"i":{"x":0.833,"y":0.833},"s":[79,79,79],"t":143},{"s":[0,0,0],"t":245}],"ix":6},"sk":{"a":0,"k":0},"p":{"a":0,"k":[0,0,0],"ix":2},"sa":{"a":0,"k":0},"o":{"a":1,"k":[{"o":{"x":0.333,"y":0},"i":{"x":0.667,"y":1},"s":[0],"t":45},{"o":{"x":0.167,"y":0},"i":{"x":0.833,"y":1},"s":[50],"t":120},{"o":{"x":0.167,"y":0},"i":{"x":0.833,"y":1},"s":[50],"t":216},{"s":[0],"t":250}],"ix":11},"rx":{"a":0,"k":14,"ix":8},"ry":{"a":0,"k":-19,"ix":9},"rz":{"a":0,"k":65,"ix":10},"or":{"a":1,"k":[{"o":{"x":0.167,"y":0.002},"i":{"x":0,"y":1},"s":[320,0,8],"t":0},{"s":[0,0,8],"t":89}],"ix":7}},"ef":[{"ty":0,"mn":"ADBE Tint","nm":"Tint","ix":1,"en":1,"ef":[{"ty":2,"mn":"ADBE Tint-0001","nm":"Map Black To","ix":1,"v":{"a":0,"k":[1,0.3294,0.2196],"ix":1}},{"ty":2,"mn":"ADBE Tint-0002","nm":"Map White To","ix":2,"v":{"a":0,"k":[0.2549,0.4902,0.6078],"ix":2}},{"ty":0,"mn":"ADBE Tint-0003","nm":"Amount to Tint","ix":3,"v":{"a":0,"k":100,"ix":3}},{"ty":6,"mn":"ADBE Tint-0004","nm":"","ix":4,"v":0}]}],"shapes":[{"ty":"gr","bm":0,"hd":false,"mn":"ADBE Vector Group","nm":"Group 1","ix":1,"cix":2,"np":1,"it":[{"ty":"gr","bm":0,"hd":false,"mn":"ADBE Vector Group","nm":"one","ix":1,"cix":2,"np":1,"it":[{"ty":"sh","bm":0,"hd":false,"mn":"ADBE Vector Shape - Group","nm":"Path 1","ix":1,"d":1,"ks":{"a":0,"k":{"c":true,"i":[[-276.142,0],[0,-276.142],[276.142,0],[0,276.142]],"o":[[276.142,0],[0,276.142],[-276.142,0],[0,-276.142]],"v":[[0,-500],[500,0],[0,500],[-500,0]]},"ix":2}},{"ty":"tr","a":{"a":0,"k":[0,0],"ix":1},"s":{"a":0,"k":[100,100],"ix":3},"sk":{"a":0,"k":0,"ix":4},"p":{"a":0,"k":[0,0],"ix":2},"r":{"a":0,"k":0,"ix":6},"sa":{"a":0,"k":0,"ix":5},"o":{"a":0,"k":100,"ix":7}}]},{"ty":"tr","a":{"a":0,"k":[0,0],"ix":1},"s":{"a":0,"k":[100,100],"ix":3},"sk":{"a":0,"k":0,"ix":4},"p":{"a":0,"k":[0,0],"ix":2},"r":{"a":0,"k":0,"ix":6},"sa":{"a":0,"k":0,"ix":5},"o":{"a":0,"k":100,"ix":7}}]},{"ty":"gf","bm":0,"hd":false,"mn":"ADBE Vector Graphic - G-Fill","nm":"Gradient Fill 1","e":{"a":0,"k":[365,0],"ix":6},"g":{"p":2,"k":{"a":0,"k":[0,0.9411764705882353,0.5058823529411764,0.4627450980392157,1,0.25882352941176473,0.6235294117647059,0.8313725490196079],"ix":9}},"t":1,"a":{"a":0,"k":0},"h":{"a":0,"k":0},"s":{"a":0,"k":[-394,0],"ix":5},"r":1,"o":{"a":0,"k":100,"ix":10}}],"ind":21,"parent":1}],"v":"5.7.8","fr":30,"op":297,"ip":0,"assets":[]}